{
    "available_space": false,
    "id": "r1",
    "size_max": 45.26298236846924,
    "size_mean": 10.041289763664132,
    "size_min": 1.6472434997558594,
    "total_size": 1345.5328283309937
}