{
    "available_space": true,
    "id": "r1",
    "size_max": 23.467734336853027,
    "size_mean": 7.9831812014946575,
    "size_min": 2.6449756622314453,
    "total_size": 415.12542247772217
}